<?xml version="1.0" encoding="UTF-8"?>
<project-private xmlns="http://www.netbeans.org/ns/project-private/1">
    <editor-bookmarks xmlns="http://www.netbeans.org/ns/editor-bookmarks/2" lastBookmarkId="0"/>
    <open-files xmlns="http://www.netbeans.org/ns/projectui-open-files/2">
        <group>
            <file>file:/home/ezra/coding/work/school/2.2/java/v2/Java%20App/src/gis/project/Admin.java</file>
            <file>file:/home/ezra/coding/work/school/2.2/java/v2/Java%20App/src/gis/project/ResetPassword.java</file>
            <file>file:/home/ezra/coding/work/school/2.2/java/v2/Java%20App/src/gis/project/Signup.java</file>
            <file>file:/home/ezra/coding/work/school/2.2/java/v2/Java%20App/src/gis/project/Login.java</file>
            <file>file:/home/ezra/coding/work/school/2.2/java/v2/Java%20App/src/gis/project/client.java</file>
        </group>
    </open-files>
</project-private>
